<keymap version="1" name="VSCode For YXG" parent="VSCode">
  <action id="$Redo">
    <keyboard-shortcut first-keystroke="ctrl y" />
    <keyboard-shortcut first-keystroke="shift ctrl z" />
  </action>
  <action id="$Undo">
    <keyboard-shortcut first-keystroke="ctrl z" />
  </action>
  <action id="CIDR.Debugger.JumpToDebuggerConsole" />
  <action id="CloseAllEditors" />
  <action id="CloseAllEditorsButActive" />
  <action id="CloseContent" />
  <action id="CollapseAllRegions" />
  <action id="CollapseBlock" />
  <action id="CollapseDocComments" />
  <action id="CollapseRegion" />
  <action id="CollapseRegionRecursively" />
  <action id="Documentation.EditSource" />
  <action id="DomCollectionControl.Edit" />
  <action id="EditSource" />
  <action id="Editor Redo">
    <keyboard-shortcut first-keystroke="shift ctrl z" />
  </action>
  <action id="ExpandAllRegions">
    <keyboard-shortcut first-keystroke="ctrl k" second-keystroke="9" />
  </action>
  <action id="ExpandAllToLevel1" />
  <action id="ExpandAllToLevel2" />
  <action id="ExpandAllToLevel3" />
  <action id="ExpandAllToLevel4" />
  <action id="ExpandAllToLevel5" />
  <action id="ExpandRegion" />
  <action id="ExpandRegionRecursively" />
  <action id="ExpandToLevel1" />
  <action id="ExpandToLevel2" />
  <action id="ExpandToLevel3" />
  <action id="ExpandToLevel4" />
  <action id="ExpandToLevel5" />
  <action id="ExternalSystem.OpenConfig" />
  <action id="FindNext">
    <keyboard-shortcut first-keystroke="f4" />
  </action>
  <action id="FindPrevious">
    <keyboard-shortcut first-keystroke="f3" />
  </action>
  <action id="NavBar-navigate" />
  <action id="OpenBookmarkGroup" />
  <action id="OpenInRightSplit" />
  <action id="ProjectViewEditSource" />
  <action id="RiderCollapseToDefinitions">
    <keyboard-shortcut first-keystroke="ctrl k" second-keystroke="0" />
  </action>
  <action id="RiderEditSource" />
  <action id="RiderUnitTestRunContextAction">
    <keyboard-shortcut first-keystroke="ctrl semicolon" second-keystroke="r" />
    <keyboard-shortcut first-keystroke="ctrl semicolon" second-keystroke="ctrl r" />
  </action>
  <action id="RunClass" />
  <action id="SearchEverywhere">
    <keyboard-shortcut first-keystroke="f1" />
  </action>
  <action id="Sql.EditParameter" />
  <action id="Terminal.SwitchFocusToEditor" />
  <action id="Vcs.EditSource" />
  <action id="XDebugger.JumpToSource" />
</keymap>